"","subscription_length","satisfaction","watch_time","engagement","support_queries","age","income","promo_offers","profiles"
"subscription_length",1,0.0339795825280692,0.00941455419224145,-0.0484984984633897,-0.019270900980149,0.0449177294587933,-0.0300622278592906,0.0350559080277584,0.035187732989683
"satisfaction",0.0339795825280692,1,-0.0322838309813159,-0.0720811096571577,0.0526575883592137,-0.00790386395272801,0.0202273419883409,0.00395353046786845,-0.00787161073187888
"watch_time",0.00941455419224145,-0.0322838309813159,1,-0.00579702686411858,-0.0832763507305575,-0.0213372750971253,-0.0404039529401442,-0.00560997888964559,0.0395818987790472
"engagement",-0.0484984984633897,-0.0720811096571577,-0.00579702686411858,1,-0.00649316701344746,-0.0770934362917898,-0.00303544972902227,-0.0257151072443998,-0.031397443152671
"support_queries",-0.019270900980149,0.0526575883592137,-0.0832763507305575,-0.00649316701344746,1,0.0057642186287315,0.0679421616516798,-0.0103427444597446,-0.0411858884194162
"age",0.0449177294587933,-0.00790386395272801,-0.0213372750971253,-0.0770934362917898,0.0057642186287315,1,0.0450111341379269,0.0267557642518127,0.00254892126249832
"income",-0.0300622278592906,0.0202273419883409,-0.0404039529401442,-0.00303544972902227,0.0679421616516798,0.0450111341379269,1,0.0152415825569991,-0.0337684535271381
"promo_offers",0.0350559080277584,0.00395353046786845,-0.00560997888964559,-0.0257151072443998,-0.0103427444597446,0.0267557642518127,0.0152415825569991,1,0.00562841053380525
"profiles",0.035187732989683,-0.00787161073187888,0.0395818987790472,-0.031397443152671,-0.0411858884194162,0.00254892126249832,-0.0337684535271381,0.00562841053380525,1
